mean_snr_raw,mean_snr_denoised,mean_delta_snr,median_delta_snr
4.947404004472552,5.02289475976892,0.07549075529636898,0.06634706772260124
