svm_accuracy,svm_f1,rf_accuracy,rf_f1,silhouette_k3_full,silhouette_k5_full,silhouette_k7_full,silhouette_k3_pca,silhouette_k5_pca,silhouette_k7_pca,num_regions
0.9548387096774194,0.954248366013072,1.0,1.0,0.24597132381430137,0.21801658200353452,0.21613657486064142,0.35393247109690973,0.35947975330836957,0.36564074456896256,516
