mean_snr_raw,mean_snr_denoised,mean_delta_snr,median_delta_snr
4.878053970006386,4.945737014172896,0.06768304416651122,0.0571298806099243
