svm_accuracy,svm_f1,rf_accuracy,rf_f1,silhouette_k3_full,silhouette_k5_full,silhouette_k7_full,silhouette_k3_pca,silhouette_k5_pca,silhouette_k7_pca,num_regions
0.9605263157894737,0.959731543624161,1.0,1.0,0.25881487220011445,0.2336447732439187,0.20917487577912258,0.40869365715045947,0.4024274342352568,0.39008929458009994,1012
